ticker,nome,data_delisting,motivo,ultimo_preco
AELP3,AES ELPA,2018-09-05,cancelamento_voluntário,0.0
ALSC3,ALIANSCE,2019-08-05,elisão_por_incorporação,0.0
APER3,BR INSURANCE CORRETORA DE SEGUROS S.A.,2024-09-23,cancelamento_voluntário,0.0
BFRE11,BRAZILIAN FINANCE & REAL ESTATE S.A.,2024-08-16,cancelamento_voluntário,0.0
BFRE12,BRAZILIAN FINANCE & REAL ESTATE S.A.,2024-08-16,cancelamento_voluntário,0.0
BFRE3,BRAZILIAN FINANCE & REAL ESTATE S.A.,2024-08-16,cancelamento_voluntário,0.0
BIDI11,"INTERMEDIUM - CREDITO, FINANCIAMENTO E INVESTIMENTO S.A.",2022-12-02,cancelamento_voluntário,0.0
BIDI3,"INTERMEDIUM - CREDITO, FINANCIAMENTO E INVESTIMENTO S.A.",2022-12-02,cancelamento_voluntário,0.0
BIDI4,"INTERMEDIUM - CREDITO, FINANCIAMENTO E INVESTIMENTO S.A.",2022-12-02,cancelamento_voluntário,0.0
BLUT3,BLUE TECH SOLUTIONS EQI S.A.,2026-06-10,cancelamento_de_ofício,0.0
BLUT4,BLUE TECH SOLUTIONS EQI S.A.,2026-06-10,cancelamento_de_ofício,0.0
BMGB11,BANCO BMG S/A,1994-03-14,enquadramento_exceções_da_instr._cvm_03/78,0.0
BMGB4,BANCO BMG S/A,1994-03-14,enquadramento_exceções_da_instr._cvm_03/78,0.0
BOAS3,BOA VISTA SERVIÇOS S.A.,2023-10-18,cancelamento_voluntário,0.0
BPAN4,BANCO PAN SA,2026-03-30,cancelamento_voluntário,0.0
BRDT3,VIBRA ENERGIA S/A,2003-02-05,atendimento_as_normas_da_instrução_cvm_nº_361/02,0.0
BRGE11,CONSORCIO ALFA,2024-03-28,cancelamento_voluntário,0.0
BRGE12,CONSORCIO ALFA,2024-03-28,cancelamento_voluntário,0.0
BRGE3,CONSORCIO ALFA,2024-03-28,cancelamento_voluntário,0.0
BRGE5,CONSORCIO ALFA,2024-03-28,cancelamento_voluntário,0.0
BRGE6,CONSORCIO ALFA,2024-03-28,cancelamento_voluntário,0.0
BRGE7,CONSORCIO ALFA,2024-03-28,cancelamento_voluntário,0.0
BRGE8,CONSORCIO ALFA,2024-03-28,cancelamento_voluntário,0.0
BRIT3,BRISANET PARTICIPAÇÕES S.A.,2024-12-04,elisão_por_incorporação,0.0
BRIV3,BANCO ALFA DE INVESTIMENTO S.A.,2024-03-28,cancelamento_voluntário,0.0
BRIV4,BANCO ALFA DE INVESTIMENTO S.A.,2024-03-28,cancelamento_voluntário,0.0
BSEV3,LDC BIOENERGIA SA,2021-06-25,cancelamento_voluntário,0.0
CCXC3,CENTENNIAL ASSET PART. AMAPA S/A,2024-09-24,cancelamento_de_ofício,0.0
CLSA3,CLEAR SALE S.A,2025-06-09,cancelamento_voluntário,0.0
CMFA3,CIMS SA,2025-01-22,cancelamento_voluntário,0.0
CMFA4,CIMS SA,2025-01-22,cancelamento_voluntário,0.0
CORR3,CORREA RIBEIRO SA COM. IND.,2024-01-29,cancelamento_voluntário,0.0
CORR4,CORREA RIBEIRO SA COM. IND.,2024-01-29,cancelamento_voluntário,0.0
CREM3,CREMER S.A.,2004-05-07,atendimento_as_normas_da_instrução_cvm_nº_361/02,0.0
CREM3,CREMER S.A.,2018-11-22,cancelamento_voluntário,0.0
CRFB3,ATACADÃO S.A.,2025-12-22,cancelamento_voluntário,0.0
CRFB3,ATACADÃO S.A.,2025-12-22,cancelamento_voluntário,0.0
CRIV3,ALFA FINANCEIRA,2024-03-28,cancelamento_voluntário,0.0
CRIV4,ALFA FINANCEIRA,2024-03-28,cancelamento_voluntário,0.0
CSAB3,COMPANHIA DE SEGUROS ALIANÇA DA BAHIA,2024-03-08,cancelamento_voluntário,0.0
CSAB4,COMPANHIA DE SEGUROS ALIANÇA DA BAHIA,2024-03-08,cancelamento_voluntário,0.0
CTNM3,COTEMINAS,2026-01-09,cancelamento_de_ofício,0.0
CTNM4,COTEMINAS,2026-01-09,cancelamento_de_ofício,0.0
DMFN3,"DM FINANCEIRA S.A. - CRÉDITO, FINANCIAMENTO E INVESTIMENTO",2025-05-30,cancelamento_voluntário,0.0
ECPR3,ENCORPAR,2022-04-29,cancelamento_voluntário,0.0
ECPR4,ENCORPAR,2022-04-29,cancelamento_voluntário,0.0
ELEK3,ELEKEIROZ S/A,2020-07-01,cancelamento_voluntário,0.0
ELEK3,ELEKEIROZ S/A,2020-07-01,cancelamento_voluntário,0.0
ELEK4,ELEKEIROZ S/A,2020-07-01,cancelamento_voluntário,0.0
ELEK4,ELEKEIROZ S/A,2020-07-01,cancelamento_voluntário,0.0
ELMD3,ELETROMIDIA S.A.,2025-07-02,cancelamento_voluntário,0.0
ENAT3,QGEP PARTICIPAÇÕES SA,2024-11-01,elisão_por_incorporação,0.0
FBMC3,FIBAM,2021-06-24,cancelamento_de_ofício,0.0
FBMC4,FIBAM,2021-06-24,cancelamento_de_ofício,0.0
FIBR3,FIBRIA,2019-04-01,elisão_por_incorporação,0.0
FNCN3,"DM FINANCEIRA S.A. - CRÉDITO, FINANCIAMENTO E INVESTIMENTO",2025-05-30,cancelamento_voluntário,0.0
GNDI3,NOTRE DAME INTERMÉDICA PARTICIPAÇÕES S.A.,2022-03-18,cancelamento_voluntário,0.0
GOLL4,GOL LINHAS AEREAS INTELIGENTES SA,2026-04-01,elisão_por_incorporação,0.0
GOLL4,GOL LINHAS AEREAS INTELIGENTES SA,2026-04-01,elisão_por_incorporação,0.0
GOLL54,GOL LINHAS AEREAS INTELIGENTES SA,2026-04-01,elisão_por_incorporação,0.0
GOLL54,GOL LINHAS AEREAS INTELIGENTES SA,2026-04-01,elisão_por_incorporação,0.0
GRAO3,HUMBERG AGRIBRASIL COMÉRCIO E EXPORTAÇÃO DE GRÃOS S.A,2025-10-24,cancelamento_voluntário,0.0
HGTX3,CIA HERING,2022-02-23,cancelamento_voluntário,0.0
IDVL3,BANCO INDUSVAL & PARTNERS,2021-02-10,cancelamento_voluntário,0.0
IDVL4,BANCO INDUSVAL & PARTNERS,2021-02-10,cancelamento_voluntário,0.0
IGBR3,GRADIENTE,2023-06-07,cancelamento_voluntário,0.0
ITEC3,ITAUTEC S.A. - GRUPO ITAUTEC,2019-08-15,cancelamento_voluntário,0.0
ITUB3,ITAÚ UNIBANCO,1998-04-08,atendimento_as_normas_da_instr_cvm_03/78,0.0
ITUB4,ITAÚ UNIBANCO,1998-04-08,atendimento_as_normas_da_instr_cvm_03/78,0.0
JBDU3,BLUE TECH SOLUTIONS EQI S.A.,2026-06-10,cancelamento_de_ofício,0.0
LAME3,LOJAS AMERICANAS S.A.,2021-12-10,elisão_por_incorporação,0.0
LAME3,LOJAS AMERICANAS S.A.,2021-12-10,elisão_por_incorporação,0.0
LAME4,LOJAS AMERICANAS S.A.,2021-12-10,elisão_por_incorporação,0.0
LAME4,LOJAS AMERICANAS S.A.,2021-12-10,elisão_por_incorporação,0.0
LCAM3,LOCAMERICA,2025-08-01,elisão_por_extinção_da_cia,0.0
LHER3,LOJAS HERING,2019-05-10,cancelamento_voluntário,0.0
LHER4,LOJAS HERING,2019-05-10,cancelamento_voluntário,0.0
LINX3,LINX S.A.,2021-08-02,cancelamento_voluntário,0.0
LIPR3,ELETROPAR,2025-06-02,elisão_por_incorporação,0.0
LIXC3,LIX DA CUNHA,2019-08-23,cancelamento_de_ofício,0.0
LIXC4,LIX DA CUNHA,2019-08-23,cancelamento_de_ofício,0.0
LOAR11,LOJAS ARAPUA S/A,2022-07-12,cancelamento_de_ofício,0.0
LWSA3,LWSA S/A,2009-03-18,atendimento_as_normas_da_instrução_cvm_nº_361/02,0.0
MAGG3,MAGNESITA REFRATARIOS S.A.,2019-01-23,cancelamento_voluntário,0.0
MERC3,"MERCANTIL FINANCEIRA S.A. CRÉDITO, FINANCIAMENTO E INVESTIMENTO",2026-03-18,cancelamento_voluntário,0.0
MERC4,"MERCANTIL FINANCEIRA S.A. CRÉDITO, FINANCIAMENTO E INVESTIMENTO",2026-03-18,cancelamento_voluntário,0.0
MITG03,IGUAÇU,2023-05-17,cancelamento_voluntário,0.0
MITG04,IGUAÇU,2023-05-17,cancelamento_voluntário,0.0
MMXM3,MMX MINERAÇÃO E METÁLICOS S.A.  - EM RECUPERAÇÃO JUDICIAL,2024-09-24,cancelamento_de_ofício,0.0
MNZC3,TGMC,2025-12-17,cancelamento_voluntário,0.0
MOAR3,MONTEIRO ARANHA,2026-01-30,cancelamento_voluntário,0.0
MOAR3,MONTEIRO ARANHA,2026-01-30,cancelamento_voluntário,0.0
MODL11,BANCO MODAL S.A.,2023-07-31,cancelamento_voluntário,0.0
MODL3,BANCO MODAL S.A.,2023-07-31,cancelamento_voluntário,0.0
MOSI3,MOSAICO TECNOLOGIA AO CONSUMIDOR S.A.,2022-05-16,cancelamento_voluntário,0.0
MPLU3,MULTIPLUS SA,2019-05-06,cancelamento_voluntário,0.0
NAFG3,NADIR FIGUEIREDO S.A,2020-04-16,cancelamento_voluntário,0.0
NAFG4,NADIR FIGUEIREDO S.A,2020-04-16,cancelamento_voluntário,0.0
NGRD3,NEOGRID PARTICIPAÇÕES S.A.,2026-07-14,cancelamento_voluntário,0.0
NRTQ3,NORTEC QUIMICA S.A.,2025-08-01,cancelamento_voluntário,0.0
NTCO3,NATURA & CO HOLDING S.A.,2025-07-01,elisão_por_incorporação,0.0
OGXP3,ÓLEO E GÁS PARTICIPAÇÕES S/A - EM RECUPERAÇÃO JUDICIAL,2019-03-12,cancelamento_voluntário,0.0
OMGE3,SERENA GERAÇÃO S.A.,2013-09-20,cancelamento_voluntário,0.0
PACF3,PACIFIC RDSL PARTICIPAÇÕES S.A.,2019-06-19,cancelamento_voluntário,0.0
PARD3,INSTITUTO HERMES PARDINI S/A,2023-07-19,cancelamento_voluntário,0.0
PARD3,INSTITUTO HERMES PARDINI S/A,2023-07-19,cancelamento_voluntário,0.0
PETZ3,PET CENTER COMÉRCIO E PARTICIPAÇÕES S.A.,2026-05-14,cancelamento_voluntário,0.0
PETZ3,PET CENTER COMÉRCIO E PARTICIPAÇÕES S.A.,2026-05-14,cancelamento_voluntário,0.0
PORT3,WILSON SONS S.A.,2025-12-10,cancelamento_voluntário,0.0
POWE3,FOCUS ENERGIA HOLDING PARTICIPAÇÕES S.A.,2022-02-04,elisão_por_incorporação,0.0
PRML3,PRUMO LOGÍSTICA S.A.,2018-05-04,cancelamento_voluntário,0.0
QGEP3,QGEP PARTICIPAÇÕES SA,2024-11-01,elisão_por_incorporação,0.0
RLOG3,COSAN LOGÍSTICA S.A.,2021-01-22,elisão_por_incorporação,0.0
SEDU3,ABRIL EDUCAÇÃO S/A,2019-05-22,cancelamento_voluntário,0.0
SGPS3,SPRINGS GLOBAL,2026-01-09,cancelamento_de_ofício,0.0
SHOW3,T4F ENTRETENIMENTO SA,2009-01-15,atendimento_as_normas_da_instrução_cvm_nº_361/02,0.0
SMLS3,SMILES FIDELIDADE S.A.,2021-09-01,elisão_por_incorporação,0.0
SNSL3,SINQUIA S.A.,2024-01-19,cancelamento_voluntário,0.0
SNSL3,SINQUIA S.A.,2024-01-19,cancelamento_voluntário,0.0
SOMA3,RBX RIO COMÉRCIO DE ROUPAS S.A.,2024-07-31,elisão_por_incorporação,0.0
SPRI3,SPRINGER,2020-12-15,liquidação_extrajudicial,0.0
SPRI5,SPRINGER,2020-12-15,liquidação_extrajudicial,0.0
SPRI6,SPRINGER,2020-12-15,liquidação_extrajudicial,0.0
SQIA3,SINQUIA S.A.,2024-01-19,cancelamento_voluntário,0.0
SQIA3,SINQUIA S.A.,2024-01-19,cancelamento_voluntário,0.0
STBR11,NUMERAL 80 PARTICIPAÇÕES S.A.,2020-09-16,cancelamento_voluntário,0.0
STKF3,DESENVIX ENERGIAS RENOVÁVEIS SA,2024-11-14,cancelamento_voluntário,0.0
SULA11,SUL AMERICA S/A,2022-04-14,incorporação,0.0
SULA11,SUL AMERICA S/A,2022-04-14,incorporação,0.0
SULA3,SUL AMERICA S/A,2022-04-14,incorporação,0.0
SULA3,SUL AMERICA S/A,2022-04-14,incorporação,0.0
SULA4,SUL AMERICA S/A,2022-04-14,incorporação,0.0
SULA4,SUL AMERICA S/A,2022-04-14,incorporação,0.0
TCNO3,TECNOSOLO S/A - EM RECUPERAÇÃO JUDICIAL,2026-06-10,cancelamento_de_ofício,0.0
TCNO4,TECNOSOLO S/A - EM RECUPERAÇÃO JUDICIAL,2026-06-10,cancelamento_de_ofício,0.0
TESA3,TERRA SANTA AGRO S.A.,2021-10-19,cancelamento_voluntário,0.0
TIET11,CIA BRASILIANA DE ENERGIA,2021-05-13,elisão_por_incorporação,0.0
TIET11,CIA BRASILIANA DE ENERGIA,2021-05-13,elisão_por_incorporação,0.0
TIET3,CIA BRASILIANA DE ENERGIA,2021-05-13,elisão_por_incorporação,0.0
TIET3,CIA BRASILIANA DE ENERGIA,2021-05-13,elisão_por_incorporação,0.0
TIET4,CIA BRASILIANA DE ENERGIA,2021-05-13,elisão_por_incorporação,0.0
TIET4,CIA BRASILIANA DE ENERGIA,2021-05-13,elisão_por_incorporação,0.0
TIMP3,TIM,2020-08-31,elisão_por_extinção_da_cia,0.0
TKNO3,TEKNO,2026-05-14,cancelamento_voluntário,0.0
TKNO4,TEKNO,2026-05-14,cancelamento_voluntário,0.0
TOYB3,TEC TOY,2019-08-01,cancelamento_voluntário,0.0
TOYB4,TEC TOY,2019-08-01,cancelamento_voluntário,0.0
TRPN3,TARPON,2019-07-17,cancelamento_voluntário,0.0
UPKP3,UPTICK PARTICIPACOES S.A. - EM LIQUIDAÇÃO,2025-04-30,elisão_por_extinção_da_cia,0.0
VBBR3,VIBRA ENERGIA S/A,2003-02-05,atendimento_as_normas_da_instrução_cvm_nº_361/02,0.0
